"ID","Sex","Age.at.Start..Month.","Age.Group","Light.Group","PRE.POST","Amplitude","Period","Phase","Mean","X..Variance","MESOR","F","p","RA","IV","IS","Group","Group_Age_Light","Group_Age_Sex","Age_new","Group_Sex_Light","Sex_new","Light_new"
"1","M  ","29","Old-age","CNT","POST",2.861,24,355.5,5.571,5.291,5.571,386.497,0,0.251,1.212,0.292,"Old_Male_CTR","Old_CTR","Old_Male","Old","Male_CTR","Male","CTR"
"1","M  ","29","Old-age","CNT","PRE",2.777,24,14,3.442,5.312,3.442,310.494,0,0.432,1.136,0.405,"Old_Male_CTR","Old_CTR","Old_Male","Old","Male_CTR","Male","CTR"
"2","M  ","10","Middle-age","CNT","POST",2.945,24,19.5,2.571,9.358,2.571,765.374,0,0.584,1.392,0.508,"Mid_Male_CTR","Mid_CTR","Mid_Male","Mid","Male_CTR","Male","CTR"
"2","M  ","10","Middle-age","CNT","PRE",3.028,24,9.5,2.003,7.844,2.003,619.882,0,0.765,1.244,0.578,"Mid_Male_CTR","Mid_CTR","Mid_Male","Mid","Male_CTR","Male","CTR"
"3","M  ","10","Middle-age","ISF","POST",0.826,24,282.75,16.293,3.581,16.293,310.441,0,0.024,1.547,0.333,"Mid_Male_ISF","Mid_ISF","Mid_Male","Mid","Male_ISF","Male","ISF"
"3","M  ","10","Middle-age","ISF","PRE",0.904,24,77,15.123,1.4,15.123,47.742,0,0.044,0.904,0.229,"Mid_Male_ISF","Mid_ISF","Mid_Male","Mid","Male_ISF","Male","ISF"
"4","M  ","29","Old-age","CNT","POST",1.86,24,13.75,3.428,3.204,3.428,245.831,0,0.279,0.899,0.259,"Old_Male_CTR","Old_CTR","Old_Male","Old","Male_CTR","Male","CTR"
"4","M  ","29","Old-age","CNT","PRE",2.976,24,37.25,3.774,8.09,3.774,544.792,0,0.37,1.188,0.52,"Old_Male_CTR","Old_CTR","Old_Male","Old","Male_CTR","Male","CTR"
"5","M  ","10","Middle-age","ISF","POST",4.044,24,20.5,3.483,13.706,3.483,1165.922,0,0.555,1.282,0.521,"Mid_Male_ISF","Mid_ISF","Mid_Male","Mid","Male_ISF","Male","ISF"
"5","M  ","10","Middle-age","ISF","PRE",2.706,24,17.5,2.053,5.845,2.053,432.524,0,0.775,1.465,0.548,"Mid_Male_ISF","Mid_ISF","Mid_Male","Mid","Male_ISF","Male","ISF"
"6","M  ","29","Old-age","ISF","POST",2.668,24,7.5,2.628,9.401,2.628,783.425,0,0.469,1.343,0.492,"Old_Male_ISF","Old_ISF","Old_Male","Old","Male_ISF","Male","ISF"
"6","M  ","29","Old-age","ISF","PRE",2.086,24,11.75,1.415,5.993,1.415,385.814,0,0.801,1.617,0.549,"Old_Male_ISF","Old_ISF","Old_Male","Old","Male_ISF","Male","ISF"
"7","M  ","29","Old-age","CNT","POST",0.627,24,203.5,15.356,0.354,15.356,20.245,0,0.023,1.762,0.082,"Old_Male_CTR","Old_CTR","Old_Male","Old","Male_CTR","Male","CTR"
"7","M  ","29","Old-age","CNT","PRE",0.787,24,86.75,13.884,0.226,13.884,10.836,0,0.052,1.163,0.078,"Old_Male_CTR","Old_CTR","Old_Male","Old","Male_CTR","Male","CTR"
"8","M  ","29","Old-age","CNT","POST",2.175,24,17.75,2.975,4.517,2.975,357.049,0,0.359,1.072,0.329,"Old_Male_CTR","Old_CTR","Old_Male","Old","Male_CTR","Male","CTR"
"8","M  ","29","Old-age","CNT","PRE",2.372,24,14.25,2.955,5.125,2.955,337.253,0,0.413,1.539,0.533,"Old_Male_CTR","Old_CTR","Old_Male","Old","Male_CTR","Male","CTR"
"9","M  ","29","Old-age","ISF","POST",2.554,24,358.5,3.94,5.129,3.94,277.322,0,0.347,1.358,0.501,"Old_Male_ISF","Old_ISF","Old_Male","Old","Male_ISF","Male","ISF"
"9","M  ","29","Old-age","ISF","PRE",2.987,24,19.5,2.62,7.03,2.62,496.483,0,0.585,0.975,0.58,"Old_Male_ISF","Old_ISF","Old_Male","Old","Male_ISF","Male","ISF"
"10","M  ","10","Middle-age","CNT","POST",0.416,24,180.75,15.3,0.672,15.3,46.938,0,0.015,2.005,0.156,"Mid_Male_CTR","Mid_CTR","Mid_Male","Mid","Male_CTR","Male","CTR"
"10","M  ","10","Middle-age","CNT","PRE",0.554,24,206.75,15.617,1.282,15.617,43.02,0,0.027,1.262,0.34,"Mid_Male_CTR","Mid_CTR","Mid_Male","Mid","Male_CTR","Male","CTR"
"11","M  ","11","Middle-age","ISF","POST",3.339,24,331.5,3.965,9.541,3.965,689.142,0,0.392,0.701,0.359,"Mid_Male_ISF","Mid_ISF","Mid_Male","Mid","Male_ISF","Male","ISF"
"11","M  ","11","Middle-age","ISF","PRE",3.302,24,10,4.411,11.223,4.411,427.478,0,0.373,0.763,0.556,"Mid_Male_ISF","Mid_ISF","Mid_Male","Mid","Male_ISF","Male","ISF"
"12","M  ","10","Middle-age","CNT","POST",0.448,24,236.25,15.192,0.165,15.192,13.322,0,0.028,1.297,0.083,"Mid_Male_CTR","Mid_CTR","Mid_Male","Mid","Male_CTR","Male","CTR"
"12","M  ","10","Middle-age","CNT","PRE",1.349,24,241.25,15.289,0.638,15.289,53.797,0,0.045,1.397,0.226,"Mid_Male_CTR","Mid_CTR","Mid_Male","Mid","Male_CTR","Male","CTR"
"15","M  ","24","Old-age","ISF","POST",2.836,24,3.25,3.635,7.578,3.635,534.538,0,0.357,1.309,0.454,"Old_Male_ISF","Old_ISF","Old_Male","Old","Male_ISF","Male","ISF"
"15","M  ","24","Old-age","ISF","PRE",3.735,24,27.5,3.023,13.704,3.023,573.661,0,0.602,1.178,0.599,"Old_Male_ISF","Old_ISF","Old_Male","Old","Male_ISF","Male","ISF"
"16","M  ","24","Old-age","CNT","POST",0.378,24,168.75,16.439,0.602,16.439,44.418,0,0.014,1.823,0.125,"Old_Male_CTR","Old_CTR","Old_Male","Old","Male_CTR","Male","CTR"
"16","M  ","24","Old-age","CNT","PRE",0.48,24,162.5,15.746,0.981,15.746,36.021,0,0.013,1.706,0.308,"Old_Male_CTR","Old_CTR","Old_Male","Old","Male_CTR","Male","CTR"
"17","M  ","24","Old-age","ISF","POST",3.028,24,9.75,3.238,10.315,3.238,779.134,0,0.422,1.195,0.558,"Old_Male_ISF","Old_ISF","Old_Male","Old","Male_ISF","Male","ISF"
"17","M  ","24","Old-age","ISF","PRE",2.781,24,41,3.099,9.281,3.099,366.713,0,0.453,1.271,0.671,"Old_Male_ISF","Old_ISF","Old_Male","Old","Male_ISF","Male","ISF"
"18","M  ","24","Old-age","ISF","POST",1.06,24,183,18.193,1.962,18.193,142.634,0,0.032,1.78,0.216,"Old_Male_ISF","Old_ISF","Old_Male","Old","Male_ISF","Male","ISF"
"18","M  ","24","Old-age","ISF","PRE",2.217,24,245.75,17.402,3.603,17.402,185.59,0,0.078,1.03,0.378,"Old_Male_ISF","Old_ISF","Old_Male","Old","Male_ISF","Male","ISF"
"19","M  ","25","Old-age","ISF","POST",4.683,24,38.75,3.463,15.434,3.463,1241.244,0,0.624,1.022,0.621,"Old_Male_ISF","Old_ISF","Old_Male","Old","Male_ISF","Male","ISF"
"19","M  ","25","Old-age","ISF","PRE",3.653,24,1.5,2.418,9.132,2.418,345.546,0,0.818,1.277,0.697,"Old_Male_ISF","Old_ISF","Old_Male","Old","Male_ISF","Male","ISF"
"20","M  ","25","Old-age","CNT","POST",5.366,24,20.75,3.703,20.405,3.703,1757.184,0,0.65,0.875,0.673,"Old_Male_CTR","Old_CTR","Old_Male","Old","Male_CTR","Male","CTR"
"20","M  ","25","Old-age","CNT","PRE",5.107,24,32,3.693,16.709,3.693,829.187,0,0.64,0.867,0.817,"Old_Male_CTR","Old_CTR","Old_Male","Old","Male_CTR","Male","CTR"
"21","M  ","25","Old-age","CNT","POST",2.229,24,13.75,2.183,7.78,2.183,624.407,0,0.478,1.226,0.496,"Old_Male_CTR","Old_CTR","Old_Male","Old","Male_CTR","Male","CTR"
"21","M  ","25","Old-age","CNT","PRE",3.084,24,13.5,2.641,11.721,2.641,472.25,0,0.582,1.137,0.586,"Old_Male_CTR","Old_CTR","Old_Male","Old","Male_CTR","Male","CTR"
"22","M  ","25","Old-age","ISF","POST",1.007,24,187.25,16.241,2.862,16.241,198.704,0,0.027,1.376,0.358,"Old_Male_ISF","Old_ISF","Old_Male","Old","Male_ISF","Male","ISF"
"22","M  ","25","Old-age","ISF","PRE",0.711,24,199.75,16.049,1.206,16.049,36.487,0,0.028,1.311,0.364,"Old_Male_ISF","Old_ISF","Old_Male","Old","Male_ISF","Male","ISF"
"23","M  ","11","Middle-age","ISF","POST",2.802,24,30.25,1.891,10.578,1.891,862.312,0,0.754,1.038,0.721,"Mid_Male_ISF","Mid_ISF","Mid_Male","Mid","Male_ISF","Male","ISF"
"23","M  ","11","Middle-age","ISF","PRE",2.432,24,22.25,1.61,7.447,1.61,335.255,0,0.851,0.93,0.663,"Mid_Male_ISF","Mid_ISF","Mid_Male","Mid","Male_ISF","Male","ISF"
"24","M  ","25","Old-age","CNT","POST",0.149,24,123.75,15.145,0.051,15.145,2.907,0.053,0.014,1.515,0.071,"Old_Male_CTR","Old_CTR","Old_Male","Old","Male_CTR","Male","CTR"
"24","M  ","25","Old-age","CNT","PRE",0.555,24,148.75,14.847,0.482,14.847,13.789,0,0.032,2.106,0.391,"Old_Male_CTR","Old_CTR","Old_Male","Old","Male_CTR","Male","CTR"
"25","M  ","11","Middle-age","ISF","POST",4.515,24,27.5,3.471,13.481,3.471,1106.82,0,0.649,1.065,0.661,"Mid_Male_ISF","Mid_ISF","Mid_Male","Mid","Male_ISF","Male","ISF"
"25","M  ","11","Middle-age","ISF","PRE",4.967,24,37.5,3.687,13.838,3.687,587.571,0,0.785,1.132,0.753,"Mid_Male_ISF","Mid_ISF","Mid_Male","Mid","Male_ISF","Male","ISF"
"26","M  ","25","Old-age","ISF","POST",0.374,24,64.75,15.131,0.141,15.131,7.492,0.001,0.022,1.686,0.119,"Old_Male_ISF","Old_ISF","Old_Male","Old","Male_ISF","Male","ISF"
"26","M  ","25","Old-age","ISF","PRE",0.641,24,68.5,14.876,0.135,14.876,7.738,0.001,0.03,1.568,0.13,"Old_Male_ISF","Old_ISF","Old_Male","Old","Male_ISF","Male","ISF"
"27","M  ","11","Middle-age","CNT","POST",2.487,24,20.5,1.821,5.426,1.821,289.279,0,0.852,1.105,0.582,"Mid_Male_CTR","Mid_CTR","Mid_Male","Mid","Male_CTR","Male","CTR"
"27","M  ","11","Middle-age","CNT","PRE",2.487,24,20.5,1.821,5.426,1.821,289.279,0,0.852,1.105,0.582,"Mid_Male_CTR","Mid_CTR","Mid_Male","Mid","Male_CTR","Male","CTR"
"28","M  ","22","Old-age","ISF","POST",4.41,24,2.5,5.171,11.52,5.171,1039.396,0,0.39,1.032,0.391,"Old_Male_ISF","Old_ISF","Old_Male","Old","Male_ISF","Male","ISF"
"28","M  ","22","Old-age","ISF","PRE",4.724,24,20.5,3.541,15.674,3.541,1385.768,0,0.627,0.869,0.599,"Old_Male_ISF","Old_ISF","Old_Male","Old","Male_ISF","Male","ISF"
"29","M  ","21","Old-age","ISF","POST",2.629,24,20.5,1.91,9.124,1.91,700.886,0,0.613,1.141,0.477,"Old_Male_ISF","Old_ISF","Old_Male","Old","Male_ISF","Male","ISF"
"29","M  ","21","Old-age","ISF","PRE",3.287,24,16.75,2.184,13.217,2.184,786.713,0,0.692,1.138,0.709,"Old_Male_ISF","Old_ISF","Old_Male","Old","Male_ISF","Male","ISF"
"30","F  ","11","Middle-age","ISF","POST",2.633,24,51.75,2.36,6.295,2.36,370.334,0,0.575,1.458,0.423,"Mid_Female_ISF","Mid_ISF","Mid_Female","Mid","Female_ISF","Female","ISF"
"30","F  ","11","Middle-age","ISF","PRE",4.097,24,12.5,4.604,8.594,4.604,389.384,0,0.497,1.398,0.51,"Mid_Female_ISF","Mid_ISF","Mid_Female","Mid","Female_ISF","Female","ISF"
"31","M  ","24","Old-age","CNT","POST",1.306,24,41.25,1.626,2.814,1.626,206.319,0,0.448,1.31,0.395,"Old_Male_CTR","Old_CTR","Old_Male","Old","Male_CTR","Male","CTR"
"31","M  ","24","Old-age","CNT","PRE",2.675,24,1.75,1.989,9.128,1.989,583.067,0,0.606,1.095,0.415,"Old_Male_CTR","Old_CTR","Old_Male","Old","Male_CTR","Male","CTR"
"32","M  ","10","Middle-age","CNT","POST",0.724,24,355.25,0.809,2.43,0.809,143.604,0,0.636,1.398,0.412,"Mid_Male_CTR","Mid_CTR","Mid_Male","Mid","Male_CTR","Male","CTR"
"32","M  ","10","Middle-age","CNT","PRE",1.756,24,337,1.193,6.907,1.193,504.515,0,0.785,1.463,0.496,"Mid_Male_CTR","Mid_CTR","Mid_Male","Mid","Male_CTR","Male","CTR"
"33","M  ","23","Old-age","CNT","POST",1.619,24,11.5,1.599,4.26,1.599,266.661,0,0.64,1.062,0.433,"Old_Male_CTR","Old_CTR","Old_Male","Old","Male_CTR","Male","CTR"
"33","M  ","23","Old-age","CNT","PRE",1.799,24,9.75,2.623,3.648,2.623,267.169,0,0.398,1.402,0.553,"Old_Male_CTR","Old_CTR","Old_Male","Old","Male_CTR","Male","CTR"
"34","F  ","11","Middle-age","CNT","POST",2.179,24,22,2.965,4.105,2.965,268.566,0,0.428,1.303,0.485,"Mid_Female_CTR","Mid_CTR","Mid_Female","Mid","Female_CTR","Female","CTR"
"34","F  ","11","Middle-age","CNT","PRE",5.145,24,358.25,3.37,18.336,3.37,1324.98,0,0.653,0.878,0.506,"Mid_Female_CTR","Mid_CTR","Mid_Female","Mid","Female_CTR","Female","CTR"
"35","F  ","10","Middle-age","ISF","POST",2.625,24,31,2.412,7.752,2.412,562.28,0,0.567,1.241,0.463,"Mid_Female_ISF","Mid_ISF","Mid_Female","Mid","Female_ISF","Female","ISF"
"35","F  ","10","Middle-age","ISF","PRE",4.212,24,2.75,2.96,18.247,2.96,1505.419,0,0.624,1.151,0.555,"Mid_Female_ISF","Mid_ISF","Mid_Female","Mid","Female_ISF","Female","ISF"
"36","F  ","11","Middle-age","CNT","POST",3.628,24,32.75,3.837,8.571,3.837,660.84,0,0.453,1.339,0.453,"Mid_Female_CTR","Mid_CTR","Mid_Female","Mid","Female_CTR","Female","CTR"
"36","F  ","11","Middle-age","CNT","PRE",5.291,24,30,3.213,17.096,3.213,1544.834,0,0.786,1.221,0.601,"Mid_Female_CTR","Mid_CTR","Mid_Female","Mid","Female_CTR","Female","CTR"
"37","F  ","10","Middle-age","CNT","POST",0.342,24,217.5,13.558,0.053,13.558,5.995,0.003,0.026,1.178,0.056,"Mid_Female_CTR","Mid_CTR","Mid_Female","Mid","Female_CTR","Female","CTR"
"37","F  ","10","Middle-age","CNT","PRE",0.65,24,324,13.646,0.295,13.646,25.364,0,0.038,1.753,0.108,"Mid_Female_CTR","Mid_CTR","Mid_Female","Mid","Female_CTR","Female","CTR"
"39","F  ","11","Middle-age","ISF","POST",3.821,24,25.25,3.473,13.656,3.473,1105.639,0,0.477,1.025,0.581,"Mid_Female_ISF","Mid_ISF","Mid_Female","Mid","Female_ISF","Female","ISF"
"39","F  ","11","Middle-age","ISF","PRE",3.172,24,7.75,3.508,9.269,3.508,701.026,0,0.517,1.329,0.553,"Mid_Female_ISF","Mid_ISF","Mid_Female","Mid","Female_ISF","Female","ISF"
"40","M  ","24","Old-age","CNT","POST",2.734,24,356.5,2.793,7.019,2.793,481.995,0,0.506,1.538,0.459,"Old_Male_CTR","Old_CTR","Old_Male","Old","Male_CTR","Male","CTR"
"40","M  ","24","Old-age","CNT","PRE",2.494,24,358.75,2.816,6.132,2.816,418.43,0,0.447,1.401,0.334,"Old_Male_CTR","Old_CTR","Old_Male","Old","Male_CTR","Male","CTR"
"41","F  ","13","Middle-age","CNT","POST",3.697,24,29.25,2.471,14.492,2.471,1164.349,0,0.735,1.063,0.664,"Mid_Female_CTR","Mid_CTR","Mid_Female","Mid","Female_CTR","Female","CTR"
"41","F  ","13","Middle-age","CNT","PRE",3.932,24,36.75,2.904,15.827,2.904,1301.324,0,0.668,1.186,0.614,"Mid_Female_CTR","Mid_CTR","Mid_Female","Mid","Female_CTR","Female","CTR"
"42","F  ","13","Middle-age","CNT","POST",4.722,24,28.25,3.342,13.288,3.342,1014.533,0,0.669,1,0.563,"Mid_Female_CTR","Mid_CTR","Mid_Female","Mid","Female_CTR","Female","CTR"
"42","F  ","13","Middle-age","CNT","PRE",4.998,24,37.75,3.365,14.258,3.365,1200.304,0,0.826,1.138,0.625,"Mid_Female_CTR","Mid_CTR","Mid_Female","Mid","Female_CTR","Female","CTR"
"43","M  ","13","Middle-age","ISF","POST",3.129,24,38,2.326,14.561,2.326,1001.41,0,0.601,0.775,0.469,"Mid_Male_ISF","Mid_ISF","Mid_Male","Mid","Male_ISF","Male","ISF"
"43","M  ","13","Middle-age","ISF","PRE",4.08,24,32,3.529,15.246,3.529,1259.599,0,0.571,0.762,0.638,"Mid_Male_ISF","Mid_ISF","Mid_Male","Mid","Male_ISF","Male","ISF"
"44","M  ","13","Middle-age","CNT","POST",2.55,24,357.75,2.059,8.394,2.059,646.934,0,0.625,1.287,0.536,"Mid_Male_CTR","Mid_CTR","Mid_Male","Mid","Male_CTR","Male","CTR"
"44","M  ","13","Middle-age","CNT","PRE",3.01,24,16,2.677,11.952,2.677,916.257,0,0.592,1.249,0.618,"Mid_Male_CTR","Mid_CTR","Mid_Male","Mid","Male_CTR","Male","CTR"
"45","F  ","12","Middle-age","ISF","POST",3.051,24,42.25,2.153,10.213,2.153,747.741,0,0.699,1.455,0.446,"Mid_Female_ISF","Mid_ISF","Mid_Female","Mid","Female_ISF","Female","ISF"
"45","F  ","12","Middle-age","ISF","PRE",3.609,24,30,2.247,14.592,2.247,1134.517,0,0.785,1.419,0.509,"Mid_Female_ISF","Mid_ISF","Mid_Female","Mid","Female_ISF","Female","ISF"
"47","F  ","12","Middle-age","ISF","POST",4.523,24,24.25,2.857,12.679,2.857,902.834,0,0.71,1.246,0.581,"Mid_Female_ISF","Mid_ISF","Mid_Female","Mid","Female_ISF","Female","ISF"
"47","F  ","12","Middle-age","ISF","PRE",2.782,24,102.5,12.03,-0.145,12.03,110.297,0,0.106,0.154,0.048,"Mid_Female_ISF","Mid_ISF","Mid_Female","Mid","Female_ISF","Female","ISF"
"48","F  ","12","Middle-age","CNT","POST",3.169,24,20.25,2.979,10.764,2.979,859.906,0,0.494,1.273,0.506,"Mid_Female_CTR","Mid_CTR","Mid_Female","Mid","Female_CTR","Female","CTR"
"48","F  ","12","Middle-age","CNT","PRE",4.163,24,21.25,3.325,15.837,3.325,1375.23,0,0.597,1.243,0.553,"Mid_Female_CTR","Mid_CTR","Mid_Female","Mid","Female_CTR","Female","CTR"
"49","F  ","12","Middle-age","CNT","POST",3.548,24,47.5,4.827,4.281,4.827,332.789,0,0.318,0.196,0.114,"Mid_Female_CTR","Mid_CTR","Mid_Female","Mid","Female_CTR","Female","CTR"
"49","F  ","12","Middle-age","CNT","PRE",0.486,24,51.5,12.583,0.143,12.583,4.664,0.009,0.037,0.122,0.011,"Mid_Female_CTR","Mid_CTR","Mid_Female","Mid","Female_CTR","Female","CTR"
"50","F  ","22","Old-age","ISF","POST",1.97,24,11,4.709,4.086,4.709,231.739,0,0.214,1.298,0.275,"Old_Female_ISF","Old_ISF","Old_Female","Old","Female_ISF","Female","ISF"
"50","F  ","22","Old-age","ISF","PRE",3.838,24,3.5,2.733,11.964,2.733,852.244,0,0.621,1.212,0.494,"Old_Female_ISF","Old_ISF","Old_Female","Old","Female_ISF","Female","ISF"
"51","F  ","22","Old-age","CNT","POST",2.989,24,18.25,3.95,3.45,3.95,286.883,0,0.408,1.249,0.318,"Old_Female_CTR","Old_CTR","Old_Female","Old","Female_CTR","Female","CTR"
"51","F  ","22","Old-age","CNT","PRE",3.163,24,3.5,3.008,5.559,3.008,368.852,0,0.542,1.21,0.439,"Old_Female_CTR","Old_CTR","Old_Female","Old","Female_CTR","Female","CTR"
"52","F  ","22","Old-age","ISF","POST",2.096,24,22.25,2.043,7.265,2.043,550.809,0,0.527,1.185,0.585,"Old_Female_ISF","Old_ISF","Old_Female","Old","Female_ISF","Female","ISF"
"52","F  ","22","Old-age","ISF","PRE",1.881,24,11.5,1.624,5.623,1.624,430.08,0,0.532,1.141,0.252,"Old_Female_ISF","Old_ISF","Old_Female","Old","Female_ISF","Female","ISF"
"53","F  ","9","Middle-age","CNT","POST",3.871,24,21.25,2.422,10.431,2.422,808.37,0,0.694,1.201,0.492,"Mid_Female_CTR","Mid_CTR","Mid_Female","Mid","Female_CTR","Female","CTR"
"53","F  ","9","Middle-age","CNT","PRE",4.166,24,20.5,2.598,13.821,2.598,1083.23,0,0.81,0.917,0.461,"Mid_Female_CTR","Mid_CTR","Mid_Female","Mid","Female_CTR","Female","CTR"
"54","M  ","9","Middle-age","CNT","POST",0.81,24,32.75,2.255,0.578,2.255,35.334,0,0.331,1.341,0.42,"Mid_Male_CTR","Mid_CTR","Mid_Male","Mid","Male_CTR","Male","CTR"
"54","M  ","9","Middle-age","CNT","PRE",0.816,24,59.5,1.74,0.565,1.74,43.529,0,0.46,1.326,0.297,"Mid_Male_CTR","Mid_CTR","Mid_Male","Mid","Male_CTR","Male","CTR"
"55","F  ","9","Middle-age","ISF","POST",2.515,24,20.25,1.519,10.773,1.519,815.108,0,0.689,1.435,0.505,"Mid_Female_ISF","Mid_ISF","Mid_Female","Mid","Female_ISF","Female","ISF"
"55","F  ","9","Middle-age","ISF","PRE",3.389,24,13.5,1.887,15.654,1.887,1313.05,0,0.764,0.991,0.544,"Mid_Female_ISF","Mid_ISF","Mid_Female","Mid","Female_ISF","Female","ISF"
"56","F  ","9","Middle-age","ISF","POST",3.272,24,24.5,2.155,13.472,2.155,1059.914,0,0.676,1.083,0.545,"Mid_Female_ISF","Mid_ISF","Mid_Female","Mid","Female_ISF","Female","ISF"
"57","M  ","9","Middle-age","ISF","POST",2.123,24,21,2.323,5.381,2.323,417.825,0,0.449,1.337,0.464,"Mid_Male_ISF","Mid_ISF","Mid_Male","Mid","Male_ISF","Male","ISF"
"57","M  ","9","Middle-age","ISF","PRE",2.201,24,18.5,1.884,6.577,1.884,480.241,0,0.611,1.186,0.377,"Mid_Male_ISF","Mid_ISF","Mid_Male","Mid","Male_ISF","Male","ISF"
"58","M  ","9","Middle-age","CNT","POST",1.588,24,13.75,1.302,5.9,1.302,387.387,0,0.609,1.218,0.456,"Mid_Male_CTR","Mid_CTR","Mid_Male","Mid","Male_CTR","Male","CTR"
"58","M  ","9","Middle-age","CNT","PRE",2.247,24,3.25,1.483,8.258,1.483,656.515,0,0.731,1.152,0.51,"Mid_Male_CTR","Mid_CTR","Mid_Male","Mid","Male_CTR","Male","CTR"
"60","M  ","20","Old-age","CNT ","POST",4.728,24,33.25,2.819,19.946,2.819,1653.398,0,0.792,0.958,0.663,"Old_Male_CTR","Old_CTR","Old_Male","Old","Male_CTR","Male","CTR"
"60","M  ","20","Old-age","CNT ","PRE",3.797,24,38.5,2.44,13.569,2.44,1082.493,0,0.695,1.19,0.499,"Old_Male_CTR","Old_CTR","Old_Male","Old","Male_CTR","Male","CTR"
"61","F  ","11","Middle-age","ISF","POST",6.771,24,30.25,3.187,33.812,3.187,3354.897,0,0.812,0.515,0.763,"Mid_Female_ISF","Mid_ISF","Mid_Female","Mid","Female_ISF","Female","ISF"
"61","F  ","11","Middle-age","ISF","PRE",2.307,24,20.25,3.93,3.538,3.93,263.814,0,0.262,0.826,0.285,"Mid_Female_ISF","Mid_ISF","Mid_Female","Mid","Female_ISF","Female","ISF"
"62","M  ","9","Middle-age","ISF","PRE",3.156,24,21.75,1.738,20.813,1.738,1661.306,0,0.806,0.636,0.546,"Mid_Male_ISF","Mid_ISF","Mid_Male","Mid","Male_ISF","Male","ISF"
"62","M  ","9","Middle-age","ISF","POST",3.791,24,348,2.77,19.601,2.77,1673.422,0,0.574,0.59,0.483,"Mid_Male_ISF","Mid_ISF","Mid_Male","Mid","Male_ISF","Male","ISF"
"63","F  ","20","Old-age","CNT","POST",4.221,24,22.75,3.728,13.72,3.728,1070.849,0,0.513,1.052,0.484,"Old_Female_CTR","Old_CTR","Old_Female","Old","Female_CTR","Female","CTR"
"63","F  ","20","Old-age","CNT","PRE",4.103,24,31.25,4.063,13.93,4.063,1120.654,0,0.455,1.269,0.5,"Old_Female_CTR","Old_CTR","Old_Female","Old","Female_CTR","Female","CTR"
"64","F  ","20","Old-age","ISF","POST",4.898,24,27.25,3.25,12.836,3.25,848.414,0,0.676,1.325,0.498,"Old_Female_ISF","Old_ISF","Old_Female","Old","Female_ISF","Female","ISF"
"64","F  ","20","Old-age","ISF","PRE",4.984,24,24.75,3.149,13.233,3.149,1026.217,0,0.691,1.394,0.553,"Old_Female_ISF","Old_ISF","Old_Female","Old","Female_ISF","Female","ISF"
"65","M  ","9","Middle-age","ISF","POST",3.249,24,33,3.426,7.962,3.426,721.058,0,0.472,1.339,0.575,"Mid_Male_ISF","Mid_ISF","Mid_Male","Mid","Male_ISF","Male","ISF"
"65","M  ","9","Middle-age","ISF","PRE",4.196,24,29,3.985,15.571,3.985,1302.726,0,0.487,1.167,0.587,"Mid_Male_ISF","Mid_ISF","Mid_Male","Mid","Male_ISF","Male","ISF"
"66","M  ","9","Middle-age","CNT","POST",3.463,24,39,2.627,10.773,2.627,759.882,0,0.607,1.134,0.479,"Mid_Male_CTR","Mid_CTR","Mid_Male","Mid","Male_CTR","Male","CTR"
"66","M  ","9","Middle-age","CNT","PRE",3.714,24,22.75,2.686,12.895,2.686,1016.676,0,0.663,1.217,0.578,"Mid_Male_CTR","Mid_CTR","Mid_Male","Mid","Male_CTR","Male","CTR"
"67","F  ","24","Old-age","ISF","POST",4.432,24,76,5.424,13.947,5.424,1102.216,0,0.396,1.018,0.593,"Old_Female_ISF","Old_ISF","Old_Female","Old","Female_ISF","Female","ISF"
"67","F  ","24","Old-age","ISF","PRE",3.883,24,79.75,3.678,11.549,3.678,821.212,0,0.54,1.007,0.597,"Old_Female_ISF","Old_ISF","Old_Female","Old","Female_ISF","Female","ISF"
"68","M  ","10","Middle-age","CNT","POST",5.535,24,89.5,4.103,14.866,4.103,1388.537,0,0.656,0.832,0.659,"Mid_Male_CTR","Mid_CTR","Mid_Male","Mid","Male_CTR","Male","CTR"
"68","M  ","10","Middle-age","CNT","PRE",4,24,91.25,2.252,11.743,2.252,905.177,0,0.799,1.183,0.612,"Mid_Male_CTR","Mid_CTR","Mid_Male","Mid","Male_CTR","Male","CTR"
"69","M  ","10","Middle-age","ISF","POST",4.031,24,79.25,3.201,14.692,3.201,1100.475,0,0.555,0.849,0.616,"Mid_Male_ISF","Mid_ISF","Mid_Male","Mid","Male_ISF","Male","ISF"
"69","M  ","10","Middle-age","ISF","PRE",3.822,24,93.75,2.429,15.123,2.429,1149.013,0,0.747,0.828,0.563,"Mid_Male_ISF","Mid_ISF","Mid_Male","Mid","Male_ISF","Male","ISF"
"70","F  ","10","Middle-age","CNT","POST",6.968,24,89,4.46,18.843,4.46,1611.044,0,0.772,0.803,0.641,"Mid_Female_CTR","Mid_CTR","Mid_Female","Mid","Female_CTR","Female","CTR"
"70","F  ","10","Middle-age","CNT","PRE",4.483,24,86.5,2.754,7.796,2.754,791.295,0,0.76,0.944,0.371,"Mid_Female_CTR","Mid_CTR","Mid_Female","Mid","Female_CTR","Female","CTR"
"71","F  ","10","Middle-age","ISF","POST",4.162,24,76,4.04,14.95,4.04,1133.749,0,0.535,0.736,0.48,"Mid_Female_ISF","Mid_ISF","Mid_Female","Mid","Female_ISF","Female","ISF"
"71","F  ","10","Middle-age","ISF","PRE",4.634,24,86.75,3.292,18.78,3.292,1582.386,0,0.685,0.879,0.57,"Mid_Female_ISF","Mid_ISF","Mid_Female","Mid","Female_ISF","Female","ISF"
"72","F  ","23","Old-age","ISF","POST",2.809,24,80.75,1.674,14.747,1.674,1118.026,0,0.699,0.986,0.558,"Old_Female_ISF","Old_ISF","Old_Female","Old","Female_ISF","Female","ISF"
"72","F  ","23","Old-age","ISF","PRE",2.465,24,97.5,1.492,10.777,1.492,883.632,0,0.812,1.151,0.49,"Old_Female_ISF","Old_ISF","Old_Female","Old","Female_ISF","Female","ISF"
"73","F  ","23","Old-age","ISF","POST",2.033,24,60.5,4.374,2.824,4.374,213.185,0,0.263,1.653,0.283,"Old_Female_ISF","Old_ISF","Old_Female","Old","Female_ISF","Female","ISF"
"73","F  ","23","Old-age","ISF","PRE",0.501,24,311,3.412,0.115,3.412,13.435,0,0.391,1.556,0.263,"Old_Female_ISF","Old_ISF","Old_Female","Old","Female_ISF","Female","ISF"
"74","F  ","23","Old-age","ISF","POST",2.322,24,92.75,1.606,7.48,1.606,754.743,0,0.663,1.121,0.544,"Old_Female_ISF","Old_ISF","Old_Female","Old","Female_ISF","Female","ISF"
"74","F  ","23","Old-age","ISF","PRE",3.41,24,80.5,1.87,16.962,1.87,1401.718,0,0.783,1.034,0.637,"Old_Female_ISF","Old_ISF","Old_Female","Old","Female_ISF","Female","ISF"
"75","F  ","23","Old-age","CNT","POST",3.668,24,70.75,2.544,12.972,2.544,1108.159,0,0.61,1.254,0.552,"Old_Female_CTR","Old_CTR","Old_Female","Old","Female_CTR","Female","CTR"
"75","F  ","23","Old-age","CNT","PRE",2.794,24,80.5,3.478,6.393,3.478,541.976,0,0.426,1.343,0.332,"Old_Female_CTR","Old_CTR","Old_Female","Old","Female_CTR","Female","CTR"
"76","F  ","23","Old-age","CNT","POST",3.298,24,79.5,1.903,17.815,1.903,1479.763,0,0.751,0.738,0.62,"Old_Female_CTR","Old_CTR","Old_Female","Old","Female_CTR","Female","CTR"
"76","F  ","23","Old-age","CNT","PRE",2.505,24,98.75,1.736,11.815,1.736,850.296,0,0.722,1.006,0.465,"Old_Female_CTR","Old_CTR","Old_Female","Old","Female_CTR","Female","CTR"
"77","F  ","25","Old-age","CNT","POST",2.52,24,123.75,2.97,5.918,2.97,508.836,0,0.478,1.181,0.616,"Old_Female_CTR","Old_CTR","Old_Female","Old","Female_CTR","Female","CTR"
"77","F  ","25","Old-age","CNT","PRE",3.647,24,98.75,3.346,11.398,3.346,1034.327,0,0.518,1.189,0.638,"Old_Female_CTR","Old_CTR","Old_Female","Old","Female_CTR","Female","CTR"
"78","F  ","23","Old-age","CNT","POST",5.506,24,79.75,4.284,12.095,4.284,985.551,0,0.642,1.061,0.658,"Old_Female_CTR","Old_CTR","Old_Female","Old","Female_CTR","Female","CTR"
"78","F  ","23","Old-age","CNT","PRE",4.225,24,85,2.854,10.718,2.854,724.421,0,0.68,0.95,0.499,"Old_Female_CTR","Old_CTR","Old_Female","Old","Female_CTR","Female","CTR"
"79","F  ","23","Old-age","CNT","POST",3.533,24,96,2.636,6.567,2.636,541.095,0,0.737,1.238,0.612,"Old_Female_CTR","Old_CTR","Old_Female","Old","Female_CTR","Female","CTR"
"79","F  ","23","Old-age","CNT","PRE",5.558,24,95.5,3.235,13.039,3.235,1057.178,0,0.759,0.705,0.409,"Old_Female_CTR","Old_CTR","Old_Female","Old","Female_CTR","Female","CTR"
"80","M  ","11","Middle-age","CNT","POST",3.602,24,94.5,2.785,14.747,2.785,1151.263,0,0.594,0.969,0.638,"Mid_Male_CTR","Mid_CTR","Mid_Male","Mid","Male_CTR","Male","CTR"
"80","M  ","11","Middle-age","CNT","PRE",3.894,24,74.75,2.214,18.172,2.214,1505.764,0,0.808,0.818,0.717,"Mid_Male_CTR","Mid_CTR","Mid_Male","Mid","Male_CTR","Male","CTR"
"81","M  ","11","Middle-age","ISF","POST",4.166,24,96.75,2.747,9.689,2.747,799.384,0,0.768,1.068,0.617,"Mid_Male_ISF","Mid_ISF","Mid_Male","Mid","Male_ISF","Male","ISF"
"81","M  ","11","Middle-age","ISF","PRE",3.77,24,85,2.438,7.75,2.438,652.341,0,0.822,1.115,0.597,"Mid_Male_ISF","Mid_ISF","Mid_Male","Mid","Male_ISF","Male","ISF"
"82","F  ","10","Middle-age","ISF","POST",4.305,24,91.25,2.398,18.748,2.398,1572.017,0,0.793,0.872,0.646,"Mid_Female_ISF","Mid_ISF","Mid_Female","Mid","Female_ISF","Female","ISF"
"82","F  ","10","Middle-age","ISF","PRE",4.326,24,70.5,3.229,18.826,3.229,1478.59,0,0.605,0.843,0.553,"Mid_Female_ISF","Mid_ISF","Mid_Female","Mid","Female_ISF","Female","ISF"
"83","F  ","24","Old-age","CNT","POST",3.473,24,66.25,5.796,8.878,5.796,629.39,0,0.277,1.068,0.517,"Old_Female_CTR","Old_CTR","Old_Female","Old","Female_CTR","Female","CTR"
"83","F  ","24","Old-age","CNT","PRE",4.794,24,94,4.352,15.019,4.352,1184.163,0,0.569,1.067,0.536,"Old_Female_CTR","Old_CTR","Old_Female","Old","Female_CTR","Female","CTR"
"84","F  ","22","Old-age","CNT","POST",3.564,24,91.75,3.341,9.284,3.341,602.175,0,0.466,0.878,0.388,"Old_Female_CTR","Old_CTR","Old_Female","Old","Female_CTR","Female","CTR"
"84","F  ","22","Old-age","CNT","PRE",3.945,24,95.25,3.502,8.797,3.502,722.709,0,0.542,1.413,0.46,"Old_Female_CTR","Old_CTR","Old_Female","Old","Female_CTR","Female","CTR"
"86","F  ","13","Middle-age","CNT","POST",7.107,24,87,4.229,19.281,4.229,1661.791,0,0.8,0.788,0.688,"Mid_Female_CTR","Mid_CTR","Mid_Female","Mid","Female_CTR","Female","CTR"
"86","F  ","13","Middle-age","CNT","PRE",6.706,24,105.5,3.858,19.098,3.858,1529.255,0,0.873,0.943,0.586,"Mid_Female_CTR","Mid_CTR","Mid_Female","Mid","Female_CTR","Female","CTR"
"87","F  ","12","Middle-age","CNT","POST",4.043,24,94.5,3.483,13.397,3.483,938.511,0,0.531,1.05,0.501,"Mid_Female_CTR","Mid_CTR","Mid_Female","Mid","Female_CTR","Female","CTR"
"87","F  ","12","Middle-age","CNT","PRE",4.335,24,90.75,5.15,11.348,5.15,1046.015,0,0.421,1.051,0.482,"Mid_Female_CTR","Mid_CTR","Mid_Female","Mid","Female_CTR","Female","CTR"
"88","F  ","12","Middle-age","ISF","POST",2.889,24,84,1.817,14.339,1.817,1018.372,0,0.672,0.905,0.569,"Mid_Female_ISF","Mid_ISF","Mid_Female","Mid","Female_ISF","Female","ISF"
"88","F  ","12","Middle-age","ISF","PRE",3.581,24,89.25,2.461,14.639,2.461,1083.5,0,0.739,1.336,0.568,"Mid_Female_ISF","Mid_ISF","Mid_Female","Mid","Female_ISF","Female","ISF"
"89","F  ","5","Young","CNT","POST",5.158,24,72.75,3.684,17.231,3.684,1434.596,0,0.637,1.135,0.547,"Young_Female_CTR","Young_CTR","Young_Female","Young","Female_CTR","Female","CTR"
"89","F  ","5","Young","CNT","PRE",3.798,24,72,2.61,12.398,2.61,974.078,0,0.854,1.152,0.545,"Young_Female_CTR","Young_CTR","Young_Female","Young","Female_CTR","Female","CTR"
"90","F  ","5","Young","CNT","POST",2.967,24,81,1.5,15.707,1.5,1244.036,0,0.902,1.3,0.554,"Young_Female_CTR","Young_CTR","Young_Female","Young","Female_CTR","Female","CTR"
"90","F  ","5","Young","CNT","PRE",5.019,24,79.75,3.26,17.088,3.26,1344.569,0,0.797,1.342,0.575,"Young_Female_CTR","Young_CTR","Young_Female","Young","Female_CTR","Female","CTR"
"91","F","6","Young","CNT","POST",3.072,24,76,2.89,8.617,2.89,607.494,0,0.52,1.194,0.423,"Young_Female_CTR","Young_CTR","Young_Female","Young","Female_CTR","Female","CTR"
"91","F","6","Young","CNT","PRE",2.359,24,63.25,1.396,5.438,1.396,393.796,0,0.838,1.766,0.477,"Young_Female_CTR","Young_CTR","Young_Female","Young","Female_CTR","Female","CTR"
"92","M  ","6","Young","ISF","POST",4.282,24,59.5,4.614,12.275,4.614,1046.451,0,0.447,0.961,0.626,"Young_Male_ISF","Young_ISF","Young_Male","Young","Male_ISF","Male","ISF"
"92","M  ","6","Young","ISF","PRE",3.146,24,60.75,2.528,6.352,2.528,523.18,0,0.699,1.426,0.752,"Young_Male_ISF","Young_ISF","Young_Male","Young","Male_ISF","Male","ISF"
"93","M  ","6","Young","ISF","POST",4.121,24,80.75,2.743,9.104,2.743,745.77,0,0.817,1.727,0.683,"Young_Male_ISF","Young_ISF","Young_Male","Young","Male_ISF","Male","ISF"
"93","M  ","6","Young","ISF","PRE",2.204,24,58.5,1.267,9.439,1.267,791.697,0,0.889,1.646,0.565,"Young_Male_ISF","Young_ISF","Young_Male","Young","Male_ISF","Male","ISF"
"94","M  ","6","Young","CNT","POST",3.515,24,90.25,2.364,7.322,2.364,576.418,0,0.807,1.285,0.669,"Young_Male_CTR","Young_CTR","Young_Male","Young","Male_CTR","Male","CTR"
"94","M  ","6","Young","CNT","PRE",3.822,24,66,2.733,12.19,2.733,963.656,0,0.685,1.062,0.653,"Young_Male_CTR","Young_CTR","Young_Male","Young","Male_CTR","Male","CTR"
"95","F","23","Old-age","CNT","POST",1.925,24,70.5,1.377,7.703,1.377,507.073,0,0.761,1.011,0.657,"Old_Female_CTR","Old_CTR","Old_Female","Old","Female_CTR","Female","CTR"
"95","F","23","Old-age","CNT","PRE",1.378,24,80.75,1.486,3.724,1.486,285.944,0,0.509,1.071,0.444,"Old_Female_CTR","Old_CTR","Old_Female","Old","Female_CTR","Female","CTR"
"96","F","22","Old-age","ISF","POST",3.414,24,69.25,1.985,15.393,1.985,1240.943,0,0.738,0.653,0.444,"Old_Female_ISF","Old_ISF","Old_Female","Old","Female_ISF","Female","ISF"
"96","F","22","Old-age","ISF","PRE",3.069,24,74,1.75,15.55,1.75,1152.331,0,0.772,0.941,0.473,"Old_Female_ISF","Old_ISF","Old_Female","Old","Female_ISF","Female","ISF"
"97","F","5","Young","ISF","POST",4.233,24,74,1.958,20.688,1.958,1747.539,0,0.835,0.994,0.592,"Young_Female_ISF","Young_ISF","Young_Female","Young","Female_ISF","Female","ISF"
"97","F","5","Young","ISF","PRE",5.195,24,59,2.85,24.641,2.85,2436.637,0,0.734,0.861,0.739,"Young_Female_ISF","Young_ISF","Young_Female","Young","Female_ISF","Female","ISF"
"98","F","5","Young","ISF","POST",5.764,24,79,2.95,19.303,2.95,1719.327,0,0.817,0.967,0.668,"Young_Female_ISF","Young_ISF","Young_Female","Young","Female_ISF","Female","ISF"
"98","F","5","Young","ISF","PRE",7.053,24,73.25,3.24,24.942,3.24,2194.036,0,0.902,0.861,0.663,"Young_Female_ISF","Young_ISF","Young_Female","Young","Female_ISF","Female","ISF"
"99","M  ","4","Young","ISF","POST",2.816,24,64,1.761,9.788,1.761,798.918,0,0.775,1.618,0.606,"Young_Male_ISF","Young_ISF","Young_Male","Young","Male_ISF","Male","ISF"
"99","M  ","4","Young","ISF","PRE",3.963,24,53.25,2.032,19.819,2.032,1727.605,0,0.883,0.912,0.772,"Young_Male_ISF","Young_ISF","Young_Male","Young","Male_ISF","Male","ISF"
"100","M  ","5","Young","CNT","POST",3.113,24,83.25,2.367,11.388,2.367,855.715,0,0.628,1.239,0.652,"Young_Male_CTR","Young_CTR","Young_Male","Young","Male_CTR","Male","CTR"
"100","M  ","5","Young","CNT","PRE",3.963,24,53.25,2.032,19.819,2.032,1727.605,0,0.883,0.912,0.772,"Young_Male_CTR","Young_CTR","Young_Male","Young","Male_CTR","Male","CTR"
